Algorithm,Accuracy,Precision,Recall,F1 Score
XGBoost,0.7367043690396984,0.7863338876654021,0.7367043690396984,0.6524930120735558
Random Forest,0.7285429141716567,0.7922726640326453,0.7285429141716567,0.6342495136358212
Decision Tree,0.7135950321579064,0.6432237496919814,0.7135950321579064,0.6174588310327793
Logistic Regression,0.7261033488578399,0.6769649848785156,0.7261033488578399,0.6664436974995329
Naive Bayes,0.4074074074074074,0.4778125614184399,0.4074074074074074,0.3118074384149928
